Rank,stock_code,company_name,Generosity Score
1,2459,晶澳科技,0.905358
2,2600,领益智造,0.74367
3,528,柳    工,0.582406
4,2241,歌尔股份,0.573622
5,1308,康冠科技,0.53771
6,2180,纳思达,0.527366
7,301296,新巨丰,0.510213
8,2426,胜利精密,0.504057
9,2139,拓邦股份,0.474631
10,603818,曲美家居,0.442432
